VDR	[u'midazolam [pharmgkb:PA450496]', u'http://bio2rdf.org/pharmgkb_resource:association_PA450496_PA37301', 'unknown', u'Drug Gene Association [pharmgkb_resource:association_PA450496_PA37301]']
ATM	[u'metformin [pharmgkb:PA450395]', u'http://bio2rdf.org/pharmgkb_resource:association_PA450395_PA61', 'unknown', u'Drug Gene Association [pharmgkb_resource:association_PA450395_PA61]']
ADRB2	[u'terbutaline [pharmgkb:PA451616]', u'http://bio2rdf.org/pharmgkb_resource:association_PA451616_PA39', 'unknown', u'Drug Gene Association [pharmgkb_resource:association_PA451616_PA39]']
GRIN2B	[u'alproic acid [pharmgkb:PA451846]', u'http://bio2rdf.org/pharmgkb_resource:association_PA451846_PA28980', 'unknown', u'Drug Gene Association [pharmgkb_resource:association_PA451846_PA28980]']
GRIN2B	[u'valproic acid [pharmgkb:PA451846]', u'http://bio2rdf.org/pharmgkb_resource:association_PA451846_PA28980', 'unknown', u'Drug Gene Association [pharmgkb_resource:association_PA451846_PA28980]']
UGT2B15	[u'lorazepam [pharmgkb:PA450267]', u'http://bio2rdf.org/pharmgkb_resource:association_PA450267_PA37188', 'unknown', u'Drug Gene Association [pharmgkb_resource:association_PA450267_PA37188]']
UGT2B15	[u'oxazepam [pharmgkb:PA450731]', u'http://bio2rdf.org/pharmgkb_resource:association_PA450731_PA37188', 'unknown', u'Drug Gene Association [pharmgkb_resource:association_PA450731_PA37188]']
GSTP1	[u'cyclophosphamide [pharmgkb:PA449165]', u'http://bio2rdf.org/pharmgkb_resource:association_PA449165_PA29028', 'unknown', u'Drug Gene Association [pharmgkb_resource:association_PA449165_PA29028]']
GSTP1	[u'taxanes [pharmgkb:PA150481189]', u'http://bio2rdf.org/pharmgkb_resource:association_PA150481189_PA29028', 'unknown', u'Drug Gene Association [pharmgkb_resource:association_PA150481189_PA29028]']
GSTP1	[u'cisplatin [pharmgkb:PA449014]', u'http://bio2rdf.org/pharmgkb_resource:association_PA449014_PA29028', 'unknown', u'Drug Gene Association [pharmgkb_resource:association_PA449014_PA29028]']
GSTP1	[u'Platinum compounds [pharmgkb:PA164713176]', u'http://bio2rdf.org/pharmgkb_resource:association_PA164713176_PA29028', 'unknown', u'Drug Gene Association [pharmgkb_resource:association_PA164713176_PA29028]']
GSTP1	[u'thiotepa [pharmgkb:PA451668]', u'http://bio2rdf.org/pharmgkb_resource:association_PA451668_PA29028', 'unknown', u'Drug Gene Association [pharmgkb_resource:association_PA451668_PA29028]']
GSTP1	[u'oxaliplatin [pharmgkb:PA131285527]', u'http://bio2rdf.org/pharmgkb_resource:association_PA131285527_PA29028', 'unknown', u'Drug Gene Association [pharmgkb_resource:association_PA131285527_PA29028]']
ADH1C	[u'ethanol [pharmgkb:PA448073]', u'http://bio2rdf.org/pharmgkb_resource:association_PA448073_PA24572', 'unknown', u'Drug Gene Association [pharmgkb_resource:association_PA448073_PA24572]']
ADH1B	[u'ethanol [pharmgkb:PA448073]', u'http://bio2rdf.org/pharmgkb_resource:association_PA448073_PA24571', 'unknown', u'Drug Gene Association [pharmgkb_resource:association_PA448073_PA24571]']
SLC22A3	[u'catecholamines [pharmgkb:PA133822447]', u'http://bio2rdf.org/pharmgkb_resource:association_PA133822447_PA330', 'unknown', u'Drug Gene Association [pharmgkb_resource:association_PA133822447_PA330]']
SLC22A3	[u'metformin [pharmgkb:PA450395]', u'http://bio2rdf.org/pharmgkb_resource:association_PA450395_PA330', 'unknown', u'Drug Gene Association [pharmgkb_resource:association_PA450395_PA330]']
ABL1	[u'dasatinib [pharmgkb:PA162372878]', u'http://bio2rdf.org/pharmgkb_resource:association_PA162372878_PA24413', 'unknown', u'Drug Gene Association [pharmgkb_resource:association_PA162372878_PA24413]']
CYP3A5	[u'Tipifarnib [pharmgkb:PA165110778]', u'http://bio2rdf.org/pharmgkb_resource:association_PA165110778_PA131', 'unknown', u'Drug Gene Association [pharmgkb_resource:association_PA165110778_PA131]']
CYP3A5	[u'risperidone [pharmgkb:PA451257]', u'http://bio2rdf.org/pharmgkb_resource:association_PA451257_PA131', 'unknown', u'Drug Gene Association [pharmgkb_resource:association_PA451257_PA131]']
CYP3A5	[u'vardenafil [pharmgkb:PA10229]', u'http://bio2rdf.org/pharmgkb_resource:association_PA10229_PA131', 'unknown', u'Drug Gene Association [pharmgkb_resource:association_PA10229_PA131]']
CYP3A5	[u'cyclosporine [pharmgkb:PA449167]', u'http://bio2rdf.org/pharmgkb_resource:association_PA449167_PA131', 'unknown', u'Drug Gene Association [pharmgkb_resource:association_PA449167_PA131]']
CYP3A5	[u'efavirenz [pharmgkb:PA449441]', u'http://bio2rdf.org/pharmgkb_resource:association_PA449441_PA131', 'unknown', u'Drug Gene Association [pharmgkb_resource:association_PA449441_PA131]']
CYP3A5	[u'sirolimus [pharmgkb:PA451365]', u'http://bio2rdf.org/pharmgkb_resource:association_PA451365_PA131', 'unknown', u'Drug Gene Association [pharmgkb_resource:association_PA451365_PA131]']
CYP3A5	[u'alfentanil [pharmgkb:PA448084]', u'http://bio2rdf.org/pharmgkb_resource:association_PA448084_PA131', 'unknown', u'Drug Gene Association [pharmgkb_resource:association_PA448084_PA131]']
CYP3A5	[u'nevirapine [pharmgkb:PA450616]', u'http://bio2rdf.org/pharmgkb_resource:association_PA450616_PA131', 'unknown', u'Drug Gene Association [pharmgkb_resource:association_PA450616_PA131]']
CYP3A5	[u'midazolam [pharmgkb:PA450496]', u'http://bio2rdf.org/pharmgkb_resource:association_PA450496_PA131', 'unknown', u'Drug Gene Association [pharmgkb_resource:association_PA450496_PA131]']
CYP3A5	[u'nelfinavir [pharmgkb:PA450606]', u'http://bio2rdf.org/pharmgkb_resource:association_PA450606_PA131', 'unknown', u'Drug Gene Association [pharmgkb_resource:association_PA450606_PA131]']
CYP3A5	[u'tacrolimus [pharmgkb:PA451578]', u'http://bio2rdf.org/pharmgkb_resource:association_PA451578_PA131', 'unknown', u'Drug Gene Association [pharmgkb_resource:association_PA451578_PA131]']
ABCB1	[u'cyclosporine [pharmgkb:PA449167]', u'http://bio2rdf.org/pharmgkb_resource:association_PA449167_PA267', 'unknown', u'Drug Gene Association [pharmgkb_resource:association_PA449167_PA267]']
ABCB1	[u'efavirenz [pharmgkb:PA449441]', u'http://bio2rdf.org/pharmgkb_resource:association_PA449441_PA267', 'unknown', u'Drug Gene Association [pharmgkb_resource:association_PA449441_PA267]']
ABCB1	[u'erlotinib [pharmgkb:PA134687924]', u'http://bio2rdf.org/pharmgkb_resource:association_PA134687924_PA267', 'unknown', u'Drug Gene Association [pharmgkb_resource:association_PA134687924_PA267]']
ABCB1	[u'rifampin [pharmgkb:PA451250]', u'http://bio2rdf.org/pharmgkb_resource:association_PA451250_PA267', 'unknown', u'Drug Gene Association [pharmgkb_resource:association_PA451250_PA267]']
ABCB1	[u'isoniazid [pharmgkb:PA450112]', u'http://bio2rdf.org/pharmgkb_resource:association_PA450112_PA267', 'unknown', u'Drug Gene Association [pharmgkb_resource:association_PA450112_PA267]']
ABCB1	[u'taxanes [pharmgkb:PA150481189]', u'http://bio2rdf.org/pharmgkb_resource:association_PA150481189_PA267', 'unknown', u'Drug Gene Association [pharmgkb_resource:association_PA150481189_PA267]']
ABCB1	[u'fexofenadine [pharmgkb:PA449621]', u'http://bio2rdf.org/pharmgkb_resource:association_PA449621_PA267', 'unknown', u'Drug Gene Association [pharmgkb_resource:association_PA449621_PA267]']
ABCB1	[u'loperamide [pharmgkb:PA450262]', u'http://bio2rdf.org/pharmgkb_resource:association_PA450262_PA267', 'unknown', u'Drug Gene Association [pharmgkb_resource:association_PA450262_PA267]']
ABCB1	[u'platinum [pharmgkb:PA150595617]', u'http://bio2rdf.org/pharmgkb_resource:association_PA150595617_PA267', 'unknown', u'Drug Gene Association [pharmgkb_resource:association_PA150595617_PA267]']
ABCB1	[u'simvastatin [pharmgkb:PA451363]', u'http://bio2rdf.org/pharmgkb_resource:association_PA451363_PA267', 'unknown', u'Drug Gene Association [pharmgkb_resource:association_PA451363_PA267]']
ABCB1	[u'nelfinavir [pharmgkb:PA450606]', u'http://bio2rdf.org/pharmgkb_resource:association_PA450606_PA267', 'unknown', u'Drug Gene Association [pharmgkb_resource:association_PA450606_PA267]']
ABCB1	[u'verapamil [pharmgkb:PA451868]', u'http://bio2rdf.org/pharmgkb_resource:association_PA451868_PA267', 'unknown', u'Drug Gene Association [pharmgkb_resource:association_PA451868_PA267]']
ABCB1	[u'carbamazepine [pharmgkb:PA448785]', u'http://bio2rdf.org/pharmgkb_resource:association_PA448785_PA267', 'unknown', u'Drug Gene Association [pharmgkb_resource:association_PA448785_PA267]']
ABCB1	[u'nevirapine [pharmgkb:PA450616]', u'http://bio2rdf.org/pharmgkb_resource:association_PA450616_PA267', 'unknown', u'Drug Gene Association [pharmgkb_resource:association_PA450616_PA267]']
ABCB1	[u'rhodamine 123 [pharmgkb:PA165110729]', u'http://bio2rdf.org/pharmgkb_resource:association_PA165110729_PA267', 'unknown', u'Drug Gene Association [pharmgkb_resource:association_PA165110729_PA267]']
ABCB1	[u'etoposide [pharmgkb:PA449552]', u'http://bio2rdf.org/pharmgkb_resource:association_PA449552_PA267', 'unknown', u'Drug Gene Association [pharmgkb_resource:association_PA449552_PA267]']
ABCB1	[u'Tipifarnib [pharmgkb:PA165110778]', u'http://bio2rdf.org/pharmgkb_resource:association_PA165110778_PA267', 'unknown', u'Drug Gene Association [pharmgkb_resource:association_PA165110778_PA267]']
ABCB1	[u'clopidogrel [pharmgkb:PA449053]', u'http://bio2rdf.org/pharmgkb_resource:association_PA449053_PA267', 'unknown', u'Drug Gene Association [pharmgkb_resource:association_PA449053_PA267]']
ABCB1	[u'paclitaxel [pharmgkb:PA450761]', u'http://bio2rdf.org/pharmgkb_resource:association_PA450761_PA267', 'unknown', u'Drug Gene Association [pharmgkb_resource:association_PA450761_PA267]']
ABCB1	[u'forskolin [pharmgkb:PA146096022]', u'http://bio2rdf.org/pharmgkb_resource:association_PA146096022_PA267', 'unknown', u'Drug Gene Association [pharmgkb_resource:association_PA146096022_PA267]']
ABCB1	[u'risperidone [pharmgkb:PA451257]', u'http://bio2rdf.org/pharmgkb_resource:association_PA451257_PA267', 'unknown', u'Drug Gene Association [pharmgkb_resource:association_PA451257_PA267]']
ABCB1	[u'midazolam [pharmgkb:PA450496]', u'http://bio2rdf.org/pharmgkb_resource:association_PA450496_PA267', 'unknown', u'Drug Gene Association [pharmgkb_resource:association_PA450496_PA267]']
ABCB1	[u'probenecid [pharmgkb:PA451106]', u'http://bio2rdf.org/pharmgkb_resource:association_PA451106_PA267', 'unknown', u'Drug Gene Association [pharmgkb_resource:association_PA451106_PA267]']
ABCB1	[u'prazosin [pharmgkb:PA451093]', u'http://bio2rdf.org/pharmgkb_resource:association_PA451093_PA267', 'unknown', u'Drug Gene Association [pharmgkb_resource:association_PA451093_PA267]']
ABCB1	[u'clozapine [pharmgkb:PA449061]', u'http://bio2rdf.org/pharmgkb_resource:association_PA449061_PA267', 'unknown', u'Drug Gene Association [pharmgkb_resource:association_PA449061_PA267]']
ABCB1	[u'calcein [pharmgkb:PA132595336]', u'http://bio2rdf.org/pharmgkb_resource:association_PA132595336_PA267', 'unknown', u'Drug Gene Association [pharmgkb_resource:association_PA132595336_PA267]']
ABCB1	[u'dicloxacillin [pharmgkb:PA164749649]', u'http://bio2rdf.org/pharmgkb_resource:association_PA164749649_PA267', 'unknown', u'Drug Gene Association [pharmgkb_resource:association_PA164749649_PA267]']
ABCB1	[u'doxorubicin [pharmgkb:PA449412]', u'http://bio2rdf.org/pharmgkb_resource:association_PA449412_PA267', 'unknown', u'Drug Gene Association [pharmgkb_resource:association_PA449412_PA267]']
ABCB1	[u'digoxin [pharmgkb:PA449319]', u'http://bio2rdf.org/pharmgkb_resource:association_PA449319_PA267', 'unknown', u'Drug Gene Association [pharmgkb_resource:association_PA449319_PA267]']
ABCB1	[u'atorvastatin [pharmgkb:PA448500]', u'http://bio2rdf.org/pharmgkb_resource:association_PA448500_PA267', 'unknown', u'Drug Gene Association [pharmgkb_resource:association_PA448500_PA267]']
ABCB1	[u'vinblastine [pharmgkb:PA451877]', u'http://bio2rdf.org/pharmgkb_resource:association_PA451877_PA267', 'unknown', u'Drug Gene Association [pharmgkb_resource:association_PA451877_PA267]']
ABCB1	[u'bisantrene [pharmgkb:PA146096021]', u'http://bio2rdf.org/pharmgkb_resource:association_PA146096021_PA267', 'unknown', u'Drug Gene Association [pharmgkb_resource:association_PA146096021_PA267]']
ABCB1	[u'lansoprazole [pharmgkb:PA450180]', u'http://bio2rdf.org/pharmgkb_resource:association_PA450180_PA267', 'unknown', u'Drug Gene Association [pharmgkb_resource:association_PA450180_PA267]']
ABCB1	[u'antipsychotics [pharmgkb:PA452233]', u'http://bio2rdf.org/pharmgkb_resource:association_PA452233_PA267', 'unknown', u'Drug Gene Association [pharmgkb_resource:association_PA452233_PA267]']
ABCB1	[u'pyrazinamide [pharmgkb:PA451182]', u'http://bio2rdf.org/pharmgkb_resource:association_PA451182_PA267', 'unknown', u'Drug Gene Association [pharmgkb_resource:association_PA451182_PA267]']
ABCB1	[u'anthracyclines and related substances [pharmgkb:PA130620651]', u'http://bio2rdf.org/pharmgkb_resource:association_PA130620651_PA267', 'unknown', u'Drug Gene Association [pharmgkb_resource:association_PA130620651_PA267]']
ABCB1	[u'phenytoin [pharmgkb:PA450947]', u'http://bio2rdf.org/pharmgkb_resource:association_PA450947_PA267', 'unknown', u'Drug Gene Association [pharmgkb_resource:association_PA450947_PA267]']
ABCB1	[u'tacrolimus [pharmgkb:PA451578]', u'http://bio2rdf.org/pharmgkb_resource:association_PA451578_PA267', 'unknown', u'Drug Gene Association [pharmgkb_resource:association_PA451578_PA267]']
ABCB1	[u'methadone [pharmgkb:PA450401]', u'http://bio2rdf.org/pharmgkb_resource:association_PA450401_PA267', 'unknown', u'Drug Gene Association [pharmgkb_resource:association_PA450401_PA267]']
ABCB1	[u'lopinavir [pharmgkb:PA450264]', u'http://bio2rdf.org/pharmgkb_resource:association_PA450264_PA267', 'unknown', u'Drug Gene Association [pharmgkb_resource:association_PA450264_PA267]']

