VDR	[u'midazolam [pharmgkb:PA450496]', u'http://bio2rdf.org/pharmgkb_resource:association_PA450496_PA37301', 'unknown', u'Drug Gene Association [pharmgkb_resource:association_PA450496_PA37301]']
DPYD	[u'fluorouracil [pharmgkb:PA128406956]', u'http://bio2rdf.org/pharmgkb_resource:association_PA128406956_PA145', 'unknown', u'Drug Gene Association [pharmgkb_resource:association_PA128406956_PA145]']
DPYD	[u'Pyrimidine analogues [pharmgkb:PA164713220]', u'http://bio2rdf.org/pharmgkb_resource:association_PA164713220_PA145', 'unknown', u'Drug Gene Association [pharmgkb_resource:association_PA164713220_PA145]']
ATM	[u'metformin [pharmgkb:PA450395]', u'http://bio2rdf.org/pharmgkb_resource:association_PA450395_PA61', 'unknown', u'Drug Gene Association [pharmgkb_resource:association_PA450395_PA61]']
GRIN2B	[u'alproic acid [pharmgkb:PA451846]', u'http://bio2rdf.org/pharmgkb_resource:association_PA451846_PA28980', 'unknown', u'Drug Gene Association [pharmgkb_resource:association_PA451846_PA28980]']
GRIN2B	[u'valproic acid [pharmgkb:PA451846]', u'http://bio2rdf.org/pharmgkb_resource:association_PA451846_PA28980', 'unknown', u'Drug Gene Association [pharmgkb_resource:association_PA451846_PA28980]']
SCN2A	[u'carbamazepine [pharmgkb:PA448785]', u'http://bio2rdf.org/pharmgkb_resource:association_PA448785_PA162402515', 'unknown', u'Drug Gene Association [pharmgkb_resource:association_PA448785_PA162402515]']
SCN1A	[u'carbamazepine [pharmgkb:PA448785]', u'http://bio2rdf.org/pharmgkb_resource:association_PA448785_PA301', 'unknown', u'Drug Gene Association [pharmgkb_resource:association_PA448785_PA301]']
ABL1	[u'dasatinib [pharmgkb:PA162372878]', u'http://bio2rdf.org/pharmgkb_resource:association_PA162372878_PA24413', 'unknown', u'Drug Gene Association [pharmgkb_resource:association_PA162372878_PA24413]']

